Name,Math_mark,Physic_Mark,Chemistry_mark,Area_mark,Pass_Chance
Stanlock,10,10,1,0,5.2962735628267525
Skirrow,0,4,10,1,1.6498127202896484
Gypps,1,4,10,0,2.211821507146822
Marczyk,8,7,6,0,4.408180799269577
Lesly,1,7,1,0,1.7590172172505263
Bonwell,5,2,1,0,2.000876778794701
Lumsdale,1,8,5,2,2.261558743834122
Lesly,9,10,8,1,5.139666590392063
Lumsdale,5,9,1,2,3.172116942585523
Skirrow,10,5,4,2,4.193612303002267
Crowe,9,4,6,2,3.679533387813593
Bonwell,2,8,7,1,2.734595295802202
Lumsdale,2,9,1,0,2.412692791937165
Goodr,1,1,8,0,1.1461321833341604
Bonwell,3,5,2,0,2.0913204851311344
Bonwell,0,4,7,2,1.2884376170593987
Crowe,5,2,8,2,2.47259338621912
Crowe,6,7,5,1,3.47815232571052
Crowe,3,9,2,1,2.780482943656355
Skirrow,5,4,5,2,2.4197268924847215
Gypps,3,7,7,2,2.783268158530626
Lumsdale,4,5,10,0,3.255902416849765
Purcell,8,1,10,0,3.561275463727219
Stanlock,0,4,0,1,0.7275034363121714
Crowe,5,1,2,2,1.6974792151120546
Purcell,8,8,6,1,4.392039290270225
Skirrow,4,8,10,0,3.814550166952202
Marczyk,0,3,1,0,0.7050174252542784
Purcell,1,1,2,2,0.4244451271387155
Crowe,2,2,2,2,1.0165389544090646
Gypps,6,3,0,0,2.4482487158269417
Stanlock,5,2,10,1,2.7785058979189827
Stanlock,10,2,8,1,4.217035267653422
Stanlock,8,8,3,1,4.186253480175221
Crowe,7,0,10,0,3.0785965213255833
Gypps,6,0,1,1,1.8490123533756908
Goodr,10,8,4,1,4.9383571329911655
Goodr,8,4,8,1,3.9051565009027747
Crowe,0,7,10,1,2.4650851396372486
Goodr,2,3,4,2,1.522737637482303
Lesly,7,7,10,0,4.651689026858322
Lesly,2,2,5,0,1.3611742616725517
Skirrow,10,3,1,0,3.7289420497638854
Lumsdale,1,8,5,2,2.1986235745059455
Bonwell,9,10,5,2,5.028745269687642
Stanlock,0,0,9,0,0.8509256908795526
Goodr,0,6,10,0,2.1225115884903594
Purcell,1,7,5,1,2.031200367860606
Stanlock,4,10,5,2,3.4485690790205954
Purcell,6,5,5,2,3.194974371226845
Crowe,4,7,4,0,3.120974714575154
Skirrow,9,8,8,1,4.8784974309723275
Lesly,7,1,10,1,3.31214972796745
Goodr,7,4,7,1,3.474705215273147
Marczyk,6,9,2,2,3.713415861701901
Marczyk,5,9,9,2,4.153039097441513
Purcell,7,1,0,1,2.0769751366555314
Marczyk,2,0,1,0,0.6586325314555588
Crowe,2,3,10,2,2.184010782176173
Marczyk,10,2,10,1,4.206320492143357
Lesly,5,6,9,2,3.4859220940447586
Bonwell,7,0,8,2,2.830532047635609
Purcell,9,3,9,0,4.369884232115727
Lumsdale,4,0,7,0,2.112590571814581
Gypps,10,3,3,0,3.7177280638097545
Skirrow,8,8,10,2,4.894894303932661
Purcell,9,10,2,2,4.7376519968449475
Bonwell,6,8,10,0,4.273585367326757
Stanlock,10,6,6,1,4.640208617035463
Lumsdale,3,3,5,0,1.985847208734987
Gypps,10,3,2,1,3.724653419137863
Bonwell,4,1,1,2,1.4750482172908796
Lesly,2,0,6,1,1.05048847549346
Bonwell,8,5,1,1,3.389328161259962
Marczyk,7,8,1,1,3.769372836884891
Lumsdale,1,3,0,1,0.7977230535379582
Lesly,1,7,10,2,2.568066264380558
Crowe,2,0,10,1,1.1703721324844685
Lesly,0,10,7,0,2.8567071744317243
Purcell,4,0,6,1,1.715842519911764
Purcell,1,8,9,0,2.763913326201595
Lumsdale,3,0,2,2,0.8443382045634086
Bonwell,0,6,5,1,1.503148560308637
Lumsdale,10,10,2,1,5.126651122322893
Skirrow,2,1,10,0,1.8111609013587537
Lesly,4,9,2,0,3.1220330558566243
Goodr,1,9,1,2,2.096905553788703
Marczyk,1,7,1,1,1.6440683352122714
Gypps,9,2,7,0,3.890361366912473
Stanlock,0,4,5,0,1.3294649714306987
Bonwell,1,6,6,2,1.9595233972259078
Lesly,7,9,1,1,3.855688593378589
Bonwell,5,9,9,2,4.200139810542203
Purcell,7,8,8,1,4.410776266309411
Purcell,0,1,6,0,0.7940583855250768
Skirrow,8,9,0,1,4.135415094664623
Marczyk,7,3,3,2,2.781114534775145
Purcell,9,10,0,2,4.423483041749318
Lesly,8,7,10,2,4.597225970682222
Goodr,3,1,7,0,1.9046747708453546
Purcell,5,5,5,2,2.7265626352401933
Lesly,2,2,3,1,1.0495305684184482
Gypps,8,7,6,2,4.139291702721232
Bonwell,5,3,9,2,3.036837663478282
Purcell,3,4,4,0,2.144832491442711
Lumsdale,1,10,5,2,2.709648806075618
Bonwell,5,4,7,0,3.018184537068392
Bonwell,0,2,2,0,0.6435396727013564
Lumsdale,10,7,2,2,4.369577646248725
Gypps,4,10,6,0,3.8029263999637943
Skirrow,8,0,3,0,2.706381711711698
Lesly,2,9,7,1,2.819144235407862
Crowe,2,1,3,1,0.9329799323585095
Skirrow,7,9,8,1,4.753938753191278
Crowe,10,7,1,2,4.1705678924933505
Marczyk,3,6,8,1,2.813490545668321
Stanlock,0,1,6,1,0.8025971294158323
Purcell,5,7,2,2,2.789814381226144
Bonwell,0,9,9,2,2.3987304993699543
Gypps,3,10,3,0,3.181310720188493
Gypps,1,6,2,0,1.6160992249582196
Stanlock,3,3,1,2,1.3631667331429382
Gypps,9,4,2,0,3.826010646169884
Lesly,9,2,9,1,3.897410054074775
Marczyk,3,0,5,0,1.4861849004434555
Lumsdale,5,2,0,1,1.706137078391542
Bonwell,9,3,8,1,3.7697394513291727
Crowe,5,2,1,1,1.7717293823628473
Bonwell,1,7,10,2,2.516655067296099
Bonwell,3,9,6,0,3.2110793896221357
Crowe,4,0,9,2,1.9240651691705977
Lumsdale,0,5,5,0,1.7082918294040284
Lumsdale,9,9,4,0,4.9131482294288364
Lumsdale,6,4,0,2,2.343383206620425
Marczyk,2,1,5,0,1.2267444773015106
Purcell,4,9,4,2,3.26543119159871
Gypps,2,8,0,0,2.2598769335323277
Goodr,7,0,8,0,2.8803976145508705
Gypps,8,10,3,1,4.650989868803887
Goodr,6,0,6,2,2.171312655495596
Skirrow,10,2,8,0,4.134157343378074
Purcell,6,5,6,1,3.3275276983821023
Bonwell,3,1,5,1,1.565222101649352
Stanlock,2,7,8,2,2.651661246936089
Purcell,4,10,1,1,3.2255596529031685
Skirrow,2,0,2,1,0.8176051603570731
Purcell,2,1,5,0,1.1876263206124669
Gypps,8,10,4,1,4.833558642615694
Goodr,8,4,7,2,3.635458135248261
Marczyk,5,1,0,2,1.5540624800674567
Bonwell,8,4,7,2,3.7058896865621986
Crowe,4,3,3,1,1.8840028794139616
Bonwell,4,2,4,0,2.1493643302815997
Gypps,1,3,0,0,1.0192681699167703
Skirrow,2,0,2,2,0.7125665019853655
Bonwell,8,9,10,1,5.256471761335534
Marczyk,7,7,2,1,3.5341242032184477
Crowe,5,9,2,2,3.0327347749912055
Goodr,0,7,5,2,1.7297741764907482
Crowe,5,4,2,1,2.4277040609829985
Marczyk,7,0,1,0,2.2845100968612355
Crowe,7,0,0,1,2.119384185872925
Gypps,6,0,1,1,1.8949316144078896
Gypps,6,6,10,1,3.784169561519898
Marczyk,1,7,4,2,1.8704744432958635
Stanlock,10,8,10,0,5.632338269119855
Marczyk,2,3,9,2,1.9477841894554664
Bonwell,4,1,6,1,1.9460605762002803
Bonwell,9,1,4,0,3.369311631151714
Bonwell,0,7,2,0,1.516224363287784
Gypps,9,7,10,0,5.049747730084901
Stanlock,2,4,2,1,1.5329384339497691
Lumsdale,10,7,0,1,4.179432569533918
Stanlock,1,10,6,2,2.706373038844771
Marczyk,7,9,8,2,4.5455656646952995
Crowe,9,2,7,0,3.7662164319956086
Lumsdale,5,3,7,2,2.592231940850482
Lumsdale,3,8,2,1,2.6220338440344935
Crowe,8,5,5,2,3.5568363142979957
Lumsdale,5,3,5,1,2.47598426172729
Goodr,4,7,7,1,3.181133588070941
Lesly,1,7,5,2,2.0527490705494684
Goodr,0,1,2,1,0.3276352088169515
Marczyk,8,5,9,2,4.163438164463928
Marczyk,0,2,4,1,0.8057652791364751
Lesly,6,1,2,0,2.304523206965123
Gypps,5,6,6,0,3.479759469010377
Stanlock,9,4,0,0,3.4945807816464214
Goodr,0,8,1,2,1.475798732411528
Purcell,8,1,6,0,3.3391878351827717
Skirrow,9,3,10,1,3.9768116605866837
Marczyk,8,8,5,0,4.5854454263270075
Skirrow,5,9,7,0,3.931090975195562
Stanlock,10,8,10,0,5.614598818348932
Marczyk,10,10,9,0,5.717134579783929
Skirrow,1,3,4,0,1.282338861342203
Purcell,2,9,2,0,2.845117972897713
Stanlock,7,3,2,2,2.658953636061496
Goodr,9,8,6,0,5.000375072473349
Skirrow,7,1,2,0,2.4820218505295797
Skirrow,6,10,2,2,3.7587382306377224
Purcell,9,9,4,1,4.8503322240897395
Marczyk,10,1,3,2,3.336675069473733
Lesly,0,5,10,0,1.9627576465068215
Purcell,4,4,3,0,2.261795418498287
Bonwell,2,4,8,0,2.2353833367433125
Marczyk,10,1,4,0,3.66613986407194
Crowe,2,2,0,1,0.8328859178375362
Purcell,5,9,1,1,3.385377626995941
Marczyk,3,9,3,2,2.7874672812362826
Goodr,5,8,2,0,3.214415314921286
Lumsdale,4,6,0,2,2.292536837815081
Lumsdale,8,10,10,1,5.354405759828476
Marczyk,3,0,0,0,0.8311132624357047
Marczyk,1,10,4,0,2.9011546501930594
Lesly,2,10,8,2,3.1387685915625076
Gypps,4,9,4,2,3.169682316036429
Stanlock,8,7,2,0,4.0712150375922596
Skirrow,8,1,3,0,2.8094442292075192
Skirrow,2,10,10,1,3.6723437867335638
Skirrow,5,9,4,0,3.7475172446606995
Marczyk,10,5,1,2,3.7739703058936693
Lumsdale,5,3,2,1,2.261459201039776
Purcell,4,10,8,0,3.9539334009009868
Goodr,1,10,10,1,3.421136757099338
Marczyk,9,9,0,1,4.490890253554403
Skirrow,9,0,1,0,2.703979859164672
Skirrow,5,6,6,1,3.1334669361750143
Bonwell,2,2,9,0,1.6834415342898459
Crowe,8,0,9,0,3.507474747665985
Purcell,1,2,7,2,1.1274552468806385
Goodr,3,2,6,1,1.6987697824687094
Goodr,10,0,7,2,3.5822745095495807
Skirrow,6,4,10,0,3.707631467859479
Marczyk,1,9,2,1,2.072788313110693
Marczyk,2,4,3,0,1.827548280938178
Skirrow,4,10,3,2,3.3777251859577526
Lesly,0,4,2,1,0.7555439101017147
Lumsdale,0,3,0,0,0.7506398956720342
Lumsdale,1,0,8,1,1.229896536129544
Gypps,6,9,2,0,3.868437090430468
Crowe,0,8,9,0,2.5045264016016247
Gypps,1,1,8,0,1.286489300507365
Bonwell,3,2,9,2,2.0184106326899234
Crowe,3,3,10,0,2.532586153415194
Purcell,9,9,0,1,4.379319296453689
Crowe,1,7,5,2,2.1038635254109765
Crowe,3,3,6,1,2.0062970724929863
Gypps,2,8,10,0,3.303842800883439
Lesly,5,6,1,0,2.700709982468753
Crowe,9,1,1,2,2.865315482023841
Goodr,9,4,4,0,3.8854857759342916
Stanlock,5,3,2,0,2.380547609292938
Lumsdale,4,1,1,2,1.1586227561775262
Lesly,4,8,3,2,2.9212957946440588
Lesly,6,4,6,0,3.1870004517188577
Stanlock,4,0,9,2,1.99355984825961
Marczyk,6,3,4,0,2.6236032789754047
Purcell,7,7,3,2,3.8063863253794694
Crowe,9,9,9,0,5.399580036221757
Marczyk,5,5,0,0,2.586313259420761
Stanlock,4,10,3,2,3.1825931041181166
Skirrow,8,8,2,1,4.149906947014277
Skirrow,6,9,6,1,3.935516022448929
Lumsdale,7,7,5,1,3.970802652725309
Crowe,9,4,4,1,3.6968295650428242
Crowe,1,8,0,2,1.9079731221333596
Lesly,3,9,1,0,2.7778223829874635
Lesly,5,6,5,2,3.206039230921828
Goodr,4,6,3,2,2.477777634565834
Purcell,10,4,4,2,4.027553680648637
Crowe,1,3,0,0,0.966606761700318
Stanlock,1,4,3,2,1.165435854618885
Purcell,10,1,9,2,3.9650359753165736
Purcell,5,10,4,2,3.5789298396036937
Goodr,10,4,4,1,3.976739653546942
Lumsdale,6,1,10,2,2.7288933975781555
Marczyk,5,3,10,2,2.8546823491004645
Purcell,9,3,1,2,3.081482330880469
Skirrow,0,1,4,2,0.4115837130886571
Goodr,4,5,6,2,2.539429042606205
Bonwell,4,7,0,2,2.262519238012971
Lumsdale,5,7,10,1,3.892614026126674
Crowe,3,10,2,0,2.979481083258629
Skirrow,3,0,7,2,1.3608706291142116
Stanlock,1,4,6,2,1.442814706839817
Bonwell,8,3,4,1,3.349793368731329
Marczyk,1,7,3,0,2.060564981231797
Lumsdale,8,0,3,1,2.5754918119240973
Goodr,7,9,2,1,4.018589863297925
Lesly,5,5,2,2,2.5564582951175487
Gypps,10,0,1,2,2.9857719144979447
Crowe,7,3,3,1,2.8942483642795813
Goodr,2,10,2,0,2.7461153820112045
Crowe,6,3,2,2,2.352465263523636
Crowe,6,9,10,0,4.628690983928281
Crowe,6,8,6,1,4.002121853913523
Gypps,10,7,3,2,4.315766012689069
Goodr,7,7,10,1,4.463455739194517
Marczyk,2,5,6,1,2.033324213157414
Goodr,1,2,10,2,1.4582946597772748
Crowe,0,1,2,2,0.3185032198063376
Gypps,2,8,9,0,3.064694847145827
Lumsdale,7,5,1,2,2.99697708205946
Lumsdale,8,0,6,2,2.8428762145314685
Bonwell,2,6,4,2,1.9620546760218052
Lesly,10,10,7,1,5.555917891862441
Bonwell,5,9,6,2,3.5366226823831086
Lesly,2,3,7,1,1.7633112075817208
Lesly,1,8,6,0,2.386542799477394
Goodr,4,0,1,2,0.9937547814785332
Lumsdale,2,6,0,0,1.8395256362472223
Goodr,7,3,8,0,3.527795737606426
Skirrow,6,10,1,2,3.6568715208506717
Crowe,3,4,0,0,1.591727950945222
Lesly,6,2,1,1,2.1525733864659817
Lumsdale,8,7,4,0,4.211321683509172
Bonwell,10,1,4,2,3.4688283686940964
Stanlock,9,2,9,2,3.647365866048338
Lesly,1,1,0,2,0.19026305999444787
Purcell,3,5,2,1,2.0737999042463304
Crowe,3,6,0,0,2.115817442491424
Gypps,9,8,9,0,5.24943697902143
Bonwell,0,2,9,0,1.4478742031816407
Lumsdale,1,10,4,0,2.4986780856638418
Goodr,9,0,6,1,3.3227390063302376
Purcell,9,5,6,2,4.0244253235604575
Marczyk,7,5,0,0,3.148858413361831
Stanlock,10,3,9,0,4.526869981067066
Goodr,7,6,7,2,3.7651801296120424
Goodr,0,7,2,1,1.3842930211990092
Lesly,7,8,7,2,4.187375761566832
Lumsdale,5,8,0,0,3.0617814884708023
Stanlock,6,1,2,1,2.059703278376073
Gypps,7,6,9,1,4.256531870795653
Crowe,10,3,4,2,3.96171841153827
Lumsdale,2,10,5,0,3.2261098532892154
Marczyk,6,1,0,1,1.967604345938728
Stanlock,8,2,1,2,2.879684533697821
Marczyk,3,6,7,0,2.926545364401016
Gypps,3,8,6,0,2.972143599997521
Skirrow,3,6,8,2,2.692240285949067
Lumsdale,7,7,4,2,3.551813697310026
Gypps,0,0,4,1,0.2145623238343877
Crowe,7,2,5,2,2.8956851818724196
Goodr,4,3,1,2,1.7370136394016835
Purcell,4,0,2,0,1.5498526042237462
Marczyk,10,5,4,2,4.179887876752866
Goodr,0,0,7,2,0.5324394606270313
Bonwell,5,3,8,0,2.838375383512553
Marczyk,6,2,6,2,2.571470413444481
Lesly,1,9,5,0,2.5878846571573675
Goodr,4,6,4,2,2.8479631157169356
Lumsdale,9,4,10,2,4.415638641022754
Lumsdale,5,3,8,0,2.905951079733582
Bonwell,7,6,9,2,4.175321909276832
Skirrow,7,8,4,2,3.8577877579054918
Crowe,3,5,5,2,2.106082317112765
Stanlock,2,7,2,1,2.0618345136470118
Purcell,7,10,9,2,4.870121900299987
Stanlock,10,9,10,0,5.734599727000816
Purcell,5,10,7,2,4.0693439143262085
Lumsdale,5,2,8,1,2.792979479038266
Crowe,7,10,2,0,4.138516574540939
Bonwell,8,7,0,0,3.6898473204525524
Lesly,0,10,6,2,2.4714872585390477
Gypps,6,3,4,0,2.8927565935866917
Marczyk,2,3,3,2,1.4566126324787654
Lumsdale,3,1,9,2,1.691197935428415
Lesly,5,9,9,1,4.031956195290178
Bonwell,3,10,3,2,3.0646894460549694
Lumsdale,3,9,4,1,3.027795302668568
Marczyk,4,6,10,2,3.1608106125583344
Skirrow,9,6,2,2,3.8266775987182524
Marczyk,9,7,1,2,4.068734746399867
Lumsdale,0,4,5,1,1.206424812708842
Bonwell,0,7,6,0,1.7919664797493722
Goodr,6,10,3,2,3.7754140651605694
Goodr,4,0,1,1,1.0315046623121793
Stanlock,1,5,0,0,1.3264631154067366
Lesly,6,9,7,0,4.270769595446975
Gypps,8,1,8,1,3.228506941933096
Purcell,6,3,1,0,2.527676641372298
Skirrow,9,1,0,0,2.9400997403093103
Lumsdale,9,9,1,1,4.451557231379672
Crowe,7,0,1,1,2.014042335117202
Lumsdale,9,8,8,0,5.16581594507074
Lesly,5,10,7,2,4.191024720114896
Goodr,0,9,7,0,2.504400186584839
Stanlock,10,4,8,1,4.542056591294019
Stanlock,7,8,1,1,3.8406864402391094
Lesly,10,8,5,0,5.0504386505375365
Lumsdale,7,9,7,1,4.559934641984355
Lumsdale,3,0,2,2,0.7776424233678138
Skirrow,1,4,1,1,1.0391047215648441
Crowe,10,8,0,1,4.3921884244751945
Lesly,4,4,3,2,1.990557036566485
Lesly,7,6,4,0,3.6806414425905336
Crowe,8,9,7,1,4.721217175242591
Crowe,2,3,10,1,2.0563299194761857
Bonwell,8,1,4,1,2.8314342846306992
Purcell,8,4,5,0,3.675143045250354
Crowe,6,2,3,2,2.4356936054826233
Skirrow,9,0,5,2,2.851920793427872
Lumsdale,0,9,3,1,1.8778195218673084
Lesly,1,7,8,0,2.472668833030124
Lumsdale,8,0,7,0,3.1980326656551745
Marczyk,10,2,6,1,3.8395232599056075
Lesly,0,4,8,1,1.5309822062652607
Stanlock,7,1,2,2,2.1969516403030958
Gypps,4,4,5,1,2.3649327480462015
Marczyk,5,9,5,2,3.5477989136462162
Crowe,8,1,10,1,3.5072703964225562
Bonwell,10,10,0,1,4.876448025913126
Bonwell,9,0,10,0,3.819409106515768
Lesly,10,9,2,0,4.93371683198619
Lesly,7,6,7,1,3.7439098440411533
Marczyk,9,1,10,1,3.7800024323972288
Stanlock,3,1,8,1,1.8123237825207417
Goodr,4,2,0,2,1.4333871946663532
Marczyk,5,0,3,2,1.7677293133926846
Crowe,10,4,4,0,4.248693372268093
Stanlock,5,4,7,0,3.009151629945554
Marczyk,8,9,3,1,4.280633717059401
Lesly,7,5,7,2,3.6199274837515363
Goodr,10,3,3,1,3.831872552839604
Gypps,8,8,0,2,3.6722113951327366
Stanlock,3,6,3,2,2.2435155092836148
Skirrow,7,0,10,1,2.988357537501181
Bonwell,5,1,0,2,1.5132884628082677
Skirrow,7,7,6,1,3.9318910304569745
Goodr,10,6,8,2,4.79137262033201
Marczyk,2,6,2,2,2.056841508469234
Lesly,7,7,9,2,4.156752726703561
Skirrow,6,7,6,0,3.737291766734421
Goodr,10,8,6,1,5.155289378767015
Purcell,4,1,6,2,1.676582464674876
Crowe,0,9,0,0,1.7428594046472439
Marczyk,8,8,1,2,3.7834090035783583
Purcell,2,6,9,0,2.723968975466872
Marczyk,6,2,7,1,2.77185016280571
Crowe,10,9,8,1,5.544481275109652
Skirrow,10,1,6,2,3.56424894949266
Purcell,2,7,10,0,2.855249638399011
Lumsdale,4,5,4,0,2.4973367407257
Goodr,5,2,3,2,2.159642959814109
Skirrow,6,4,6,2,2.9585205972709043
Lesly,9,4,2,2,3.2978536218197956
Lumsdale,2,8,2,1,2.3659782698432
Gypps,1,9,0,1,1.9598751562075762
Gypps,8,5,8,2,3.953841194592586
Purcell,10,9,1,0,4.833065849548425
Gypps,10,3,10,2,4.289723807221446
Marczyk,7,4,10,0,3.925482391067263
Skirrow,3,3,2,0,1.5548496335968933
Lesly,9,10,1,2,4.499980133188083
Gypps,7,5,0,0,3.0567942389183003
Crowe,1,9,2,1,2.251260095891157
Lesly,1,2,7,0,1.4131246013608623
Purcell,4,3,2,2,1.838780066663197
Marczyk,2,7,6,0,2.6904239272724735
Gypps,8,4,2,0,3.510116995905349
Lesly,8,3,8,0,3.7918759581364374
Gypps,2,1,8,1,1.6282078898976904
Marczyk,0,4,8,2,1.3842754667947281
Lumsdale,9,7,4,0,4.557899422944735
Lumsdale,1,1,2,1,0.6205409011630343
Skirrow,7,9,2,2,3.7168508937806215
Skirrow,5,7,4,0,3.3062845682916455
Crowe,3,4,9,2,2.3756406748545733
Crowe,7,5,9,0,3.9031717672893733
Lumsdale,6,6,10,0,3.9919838539307335
Purcell,9,6,6,1,4.215672057886372
Skirrow,4,8,10,0,3.809085494451969
Goodr,9,0,8,2,3.3452963270988003
Crowe,8,9,4,0,4.736853861253545
Lesly,6,1,3,2,2.181397125278541
Gypps,10,2,0,0,3.3524515183192514
Skirrow,6,1,7,1,2.488167906126903
Lesly,5,2,4,0,2.187642304208171
Lesly,10,8,6,1,5.154068103869576
Stanlock,9,3,5,2,3.6320824812116475
Stanlock,7,10,10,1,4.909359934771517
Lesly,9,3,4,0,3.6856674127279057
Stanlock,10,7,1,2,4.412341669196337
Stanlock,10,4,8,2,4.33462085454799
Purcell,6,5,7,2,3.1730190003950463
Skirrow,10,3,0,1,3.4384349430827084
Bonwell,5,0,2,0,1.715750591848133
Purcell,4,7,10,1,3.435114709750121
Crowe,5,1,2,2,1.7101241696748881
Purcell,7,3,3,2,2.6375990591324205
Skirrow,7,10,2,1,4.385750769521253
Crowe,4,4,2,2,2.039776995422802
Skirrow,5,5,0,0,2.416771318586206
Stanlock,2,6,3,1,2.0718868751625097
Gypps,1,10,8,0,3.036142207683942
Crowe,2,4,5,2,1.754494795618084
Lesly,4,2,0,0,1.9187209243680687
Marczyk,2,2,0,2,0.7236425622146886
Marczyk,6,1,0,2,1.9523373522261
Marczyk,1,10,7,2,2.9891341428598732
Goodr,1,1,8,2,0.9720809359109256
Marczyk,9,10,9,1,5.412461866632258
Stanlock,8,7,5,0,4.313166681647508
Crowe,2,4,8,0,2.3660152080094243
Bonwell,5,1,6,2,1.9143645824158697
Skirrow,2,5,2,2,1.5220795426775942
Goodr,2,4,10,0,2.5443363985893996
Crowe,1,3,5,0,1.3844753126323572
Lumsdale,5,8,2,2,3.059295354414464
Skirrow,4,6,2,1,2.638685229474211
Stanlock,6,4,5,0,3.2631235425599057
Gypps,6,1,4,2,2.046318416581392
Bonwell,8,0,10,0,3.4308613526885794
Crowe,9,0,1,1,2.6439963636828954
Marczyk,3,9,0,0,2.647445632373644
Crowe,5,3,5,0,2.5533445435388713
Marczyk,8,9,9,2,4.970278580946236
Bonwell,7,9,4,0,4.288305853467511
Bonwell,3,5,4,0,2.1683661771491023
Stanlock,5,9,1,2,3.263748370077573
Lumsdale,9,6,5,0,4.4296779250420615
Purcell,8,6,6,0,4.103806317914743
Marczyk,6,6,1,0,3.0501420473042398
Goodr,8,3,0,2,2.9316597522971595
Skirrow,1,8,1,2,1.8854623679781302
Marczyk,8,3,4,2,3.2387760448442235
Purcell,6,7,8,0,4.025163583800595
Crowe,5,5,6,0,3.21067183969602
Skirrow,5,10,1,1,3.4501725945594695
Lesly,1,1,1,2,0.5479817482921377
Bonwell,8,2,6,2,3.179768002390505
Lumsdale,9,7,8,0,4.873432706978274
Bonwell,10,1,0,2,2.931138646139562
Skirrow,10,2,6,1,3.840124943562164
Lesly,7,3,4,0,3.2005397462214553
Marczyk,10,7,5,0,4.883439971824926
Purcell,3,5,4,0,2.3416602116201783
Crowe,10,1,9,0,4.09542728125725
Stanlock,9,10,1,1,4.624790179129336
Bonwell,8,0,7,2,2.887279970366031
Gypps,7,2,2,0,2.7467462313041446
Stanlock,4,10,4,1,3.426912575024413
Lumsdale,8,8,6,1,4.606765030354203
Bonwell,1,9,0,2,1.8134927112627173
Purcell,10,3,2,0,3.791916469144301
Crowe,10,6,2,2,4.149816684294108
Skirrow,4,9,7,1,3.5915818406300217
Crowe,10,2,2,1,3.538811743180996
Purcell,9,9,3,1,4.542399610282859
Bonwell,10,5,2,0,4.171502718933991
Marczyk,8,0,0,2,2.0957836709291366
Skirrow,10,6,9,0,4.985461799340416
Goodr,7,6,6,0,3.693558742200546
Marczyk,2,7,5,0,2.443587128337825
Purcell,3,7,1,2,2.021637568841528
Lesly,9,2,2,2,3.218467493757457
Purcell,2,8,10,2,2.9558763164523896
Stanlock,6,3,0,0,2.5080778432070585
Gypps,1,0,6,2,0.7044936192998424
Purcell,4,10,3,1,3.4994764317956295
Bonwell,4,10,4,1,3.5878960476090507
Stanlock,4,6,3,1,2.649485985877215
Stanlock,1,1,0,2,0.27424158859167214
Stanlock,7,4,5,0,3.4506985279250237
Stanlock,5,8,3,0,3.213490045311689
Purcell,8,9,3,0,4.442709247290851
Purcell,1,6,5,0,1.9970860294675454
Gypps,0,10,7,1,2.720309137289196
Skirrow,9,3,3,0,3.594771871207946
Goodr,3,7,8,2,3.018045003026743
Purcell,4,0,8,1,1.9889985941627375
Goodr,1,1,0,1,0.498222050842398
Gypps,0,6,10,0,2.130212151371546
Bonwell,7,8,2,0,3.867691492051037
Lumsdale,2,5,0,1,1.3079916047576958
Crowe,2,3,1,0,1.3704961233347166
Gypps,1,4,8,0,1.9384578279712232
Stanlock,5,10,10,2,4.214838559599303
Stanlock,1,0,8,2,0.90029133765455
Lumsdale,1,1,9,2,1.4049563904610007
Goodr,2,5,6,2,1.7883263159526928
Lumsdale,8,10,4,2,4.7621748193270905
Crowe,1,5,6,1,1.8287921931362057
Stanlock,3,0,9,2,1.5691175294049322
Purcell,9,10,2,0,4.902418769568731
Gypps,2,6,9,0,2.6929735288420185
Lumsdale,5,4,9,2,3.1095627900272125
Purcell,1,0,0,2,0.09880828473594015
Bonwell,0,4,7,1,1.2781198186534077
Crowe,4,3,5,2,2.0077366048470666
Crowe,4,3,7,2,2.3409489496969935
Gypps,4,8,3,0,3.276813082114839
Marczyk,2,3,1,0,1.1908574988831158
Marczyk,8,5,3,0,3.810469190455356
Crowe,8,7,2,1,3.751803776178446
Gypps,6,9,6,2,3.941986053610192
Stanlock,5,9,4,1,3.685716101231426
Stanlock,4,2,2,2,1.4606119185062354
Purcell,1,9,9,2,2.682545473634218
Goodr,10,10,5,2,5.184617127434342
Skirrow,2,5,1,1,1.5657576434275573
Stanlock,10,8,8,1,5.202163457763374
Gypps,8,4,6,2,3.656223141252463
Purcell,10,8,1,0,4.551207213180074
Marczyk,4,2,5,2,1.8660762334940386
Gypps,0,6,8,1,1.8615261961088851
Goodr,1,5,6,1,1.795403004117479
Bonwell,0,0,8,0,0.7406664579065122
Stanlock,7,10,7,1,4.668101600465097
Gypps,5,5,2,0,2.6769652272372344
Lesly,5,0,6,2,1.799558543846848
Gypps,0,3,3,1,0.6868122007845539
Marczyk,3,6,7,0,2.7981505506794813
Lesly,4,9,0,1,3.0574934100335813
Skirrow,6,0,1,0,2.0480698457840214
Purcell,0,8,10,1,2.5255988997813748
Lesly,3,1,6,2,1.4291172754260846
Crowe,1,9,10,1,3.081637678796775
Lumsdale,3,10,3,0,3.293802631289883
Gypps,6,3,1,0,2.4118638872810316
Skirrow,2,0,1,2,0.5355941736668934
Goodr,2,4,4,1,1.7076870662717172
Lumsdale,5,10,6,1,3.886278706901203
Gypps,6,6,3,1,3.3008757034535043
Skirrow,10,5,7,1,4.539594590345924
Bonwell,8,2,4,2,2.8021445598481978
Crowe,9,1,1,1,3.0041905170843606
Skirrow,1,8,3,1,2.1040068024800638
Crowe,9,6,7,0,4.566982610939979
Crowe,7,4,7,1,3.4310200809811056
Crowe,10,9,2,1,4.980835711263303
Bonwell,2,9,4,0,2.6391661287280654
Bonwell,10,3,10,2,4.206609305470994
Purcell,0,10,8,0,2.7553292506529163
Lesly,0,5,3,0,1.2927027857041733
Stanlock,8,4,7,2,3.5205340579237414
Stanlock,9,0,1,1,2.7379648085712662
Goodr,6,8,5,0,3.87406926919973
Lesly,10,9,7,0,5.4092829872467485
Bonwell,10,9,9,1,5.473993078415866
Lumsdale,8,6,5,2,3.9279873891496604
Skirrow,10,5,7,1,4.703008183126464
Lumsdale,6,2,3,1,2.3156796390017678
Bonwell,4,7,6,1,3.087661224769824
Lesly,1,9,9,0,3.0627656609964062
Gypps,7,10,6,0,4.766977259576274
Marczyk,8,7,10,0,4.808465396450811
Purcell,8,1,8,1,3.3601890012500273
Purcell,4,9,1,1,2.9522259420322703
Gypps,10,5,2,1,4.003513045487326
Gypps,10,4,0,0,3.8725676429864024
Crowe,10,10,0,1,4.767266338789421
Marczyk,9,8,1,1,4.307434671221823
Lesly,6,8,8,1,3.92240909562659
Lumsdale,5,4,10,1,3.3065716824031206
Lumsdale,0,6,5,2,1.5305850992352024
Lesly,0,0,3,0,0.5378338644679821
Crowe,8,1,2,0,2.8200163639296303
Lesly,9,10,8,1,5.37535153010862
Bonwell,10,0,6,2,3.315173138078237
Gypps,0,4,0,1,0.7206598860343069
Gypps,2,7,7,1,2.6121139531514594
Skirrow,2,5,6,2,1.9562952372584363
Gypps,1,4,9,2,1.7400038248873808
Lesly,9,5,2,2,3.6599654052511834
Lesly,8,8,9,2,4.502937237886537
Skirrow,7,10,5,2,4.409982499523192
Gypps,4,9,2,0,3.282473243670188
Purcell,10,3,5,1,3.882429698002658
Marczyk,1,2,5,2,1.1663231266005218
Lumsdale,1,5,5,2,1.5602121744641453
Marczyk,5,3,1,1,2.0027704956478165
Lumsdale,4,6,3,2,2.4278512885399928
Lesly,5,8,1,2,2.8976436224940487
Gypps,10,5,2,1,4.147683535798489
Goodr,10,5,0,1,3.9114442533632023
Goodr,10,5,9,1,4.909211953685745
Crowe,0,8,5,1,2.01412659357503
Lesly,7,10,8,0,4.902246597491607
Skirrow,5,7,4,2,3.010582210869515
Skirrow,1,0,5,2,0.7718080966207983
Crowe,5,3,4,0,2.3454411481990274
Gypps,7,10,8,1,4.949298123698135
Goodr,2,9,10,1,3.1325795640831435
Skirrow,2,6,7,0,2.7304234487245806
Crowe,10,1,7,2,3.727066718312924
Bonwell,10,6,8,0,4.948085260351708
Lumsdale,2,6,0,1,1.5192068159565104
Crowe,1,6,7,1,2.0654347681967398
Stanlock,3,3,3,2,1.5478518194942448
Crowe,7,4,4,2,2.9431216956912856
Lesly,6,1,5,2,2.287793231915407
Bonwell,0,4,3,1,1.1218483760249478
Crowe,2,7,5,0,2.6166820277893597
Marczyk,10,10,2,0,5.170129945042442
Goodr,9,7,9,1,4.663129909987656
Marczyk,5,4,2,0,2.4590185160376548
Crowe,5,9,1,1,3.1748877003130755
Goodr,6,6,9,2,3.788706205171568
Marczyk,7,10,6,2,4.606981248663313
Purcell,8,8,4,1,4.1011755385810575
Skirrow,4,4,5,2,2.2004199600190177
Skirrow,9,2,0,0,3.0207531316438625
Stanlock,1,3,9,1,1.612804235317396
Marczyk,1,1,3,2,0.6060298898776754
Marczyk,2,8,9,2,2.889421433029673
Bonwell,7,10,8,1,4.70451598877557
Stanlock,7,4,5,0,3.555989488599099
Gypps,4,4,10,0,3.0716991477994755
Stanlock,7,0,0,1,2.0007334656331914
Lesly,0,4,10,2,1.7084764997854653
Stanlock,6,3,4,2,2.862140993611874
Lumsdale,10,10,9,2,5.7963846349089
Goodr,7,0,6,2,2.657464145121914
Marczyk,3,6,2,0,2.321675366822385
Gypps,3,8,8,1,3.3113668212414935
Skirrow,0,3,7,0,1.290283421393621
Gypps,5,2,0,2,1.8165589598558383
Gypps,4,9,10,1,3.859776701450801
Skirrow,7,5,3,1,3.2984048757151725
Lumsdale,1,3,2,1,1.0629640980128696
Skirrow,4,10,8,2,3.715357779478133
Lumsdale,9,5,8,1,4.4505458402022935
Lumsdale,9,5,4,2,3.748027493222364
Lumsdale,9,1,9,0,3.793732824540222
Gypps,3,9,6,0,3.405207119030045
Bonwell,5,3,0,2,1.8385428324093025
Stanlock,6,7,5,2,3.2710301812569944
Bonwell,2,2,1,2,0.9935153844832659
Goodr,10,2,7,2,4.0258433407296685
Lesly,10,7,8,2,5.14450530503898
Bonwell,8,5,4,1,3.8891748568185798
Gypps,2,8,6,1,2.761006445945511
Purcell,8,3,7,2,3.5465876519384154
Bonwell,3,2,9,2,2.0082962688466677
Gypps,2,4,6,1,1.9303041277394195
Bonwell,9,3,3,2,3.3421089611546195
Crowe,7,7,9,0,4.464308944542951
Lesly,4,4,8,0,2.8794675932320004
Crowe,8,2,6,1,3.4243481928589388
Crowe,1,9,2,2,2.1315012217086675
Bonwell,9,2,4,1,3.46570568964411
Goodr,10,9,6,1,5.424660847788791
Marczyk,7,6,5,2,3.6878989823481314
Crowe,7,7,3,1,3.715690551612412
Stanlock,9,10,7,1,5.298210502314236
Lumsdale,9,10,1,0,4.703134997857059
Purcell,7,6,0,2,3.1066384681884194
Lesly,0,8,1,1,1.62103704546269
Skirrow,1,6,2,1,1.5416330710939716
Marczyk,4,1,5,0,1.7942869592392416
Skirrow,6,3,10,1,3.2146879672008417
Goodr,3,2,4,1,1.6501173287070046
Marczyk,6,1,3,0,2.150576011606674
Purcell,5,2,0,1,1.7570258420522957
Purcell,10,6,3,0,4.334148965453002
Bonwell,0,10,1,2,2.0189583247314773
Crowe,7,2,2,0,2.6849928248717223
Skirrow,9,5,8,0,4.418801649836455
Lesly,1,9,7,2,2.5893050609653194
Goodr,1,7,7,0,2.4171635778729472
Purcell,8,2,1,2,2.6685015108481145
Crowe,1,7,5,0,2.44586981076199
Crowe,6,0,7,2,2.1915905606314667
Skirrow,2,9,5,1,2.7812462906275752
Gypps,6,10,10,2,4.519294721690835
Lumsdale,3,2,4,2,1.4706252069384183
Stanlock,7,6,1,2,3.1636169137760186
Lesly,4,2,7,1,2.056024471426234
Lumsdale,6,1,9,2,2.7599834585947542
Bonwell,4,5,2,2,2.1971624559597536
Stanlock,0,0,8,0,0.8053568850564463
Purcell,3,1,8,2,1.7991640279516692
Lesly,6,0,3,1,2.0193871714003735
Marczyk,5,7,10,2,3.623554843564608
Gypps,0,2,1,2,0.3381155902420062
Stanlock,8,10,2,0,4.652038959998916
Lesly,5,5,7,1,3.1345651146270517
Lumsdale,9,4,3,1,3.6422528701285564
Skirrow,0,10,4,2,2.2550322436977157
Lesly,9,8,0,2,4.151507187910554
Gypps,7,7,5,0,3.905618596268563
Crowe,2,3,4,1,1.754084132195592
Stanlock,8,3,10,1,3.805842032902077
Skirrow,0,1,7,2,0.6340334332137196
Crowe,0,1,5,0,1.0248921936502193
Stanlock,9,7,5,2,4.287430760017601
Goodr,0,7,8,0,2.2692235758111874
Lesly,4,7,8,1,3.219410016084371
Marczyk,1,2,5,1,1.1061629864019202
Goodr,1,10,6,2,2.579967631595652
Bonwell,1,1,8,2,0.9487812868391842
Marczyk,1,4,5,0,1.7516726259584792
Bonwell,3,10,1,1,2.909244588317904
Goodr,0,3,7,0,1.2967876940201866
Stanlock,5,8,4,1,3.3695260210969193
Gypps,9,10,1,0,4.844373879146685
Gypps,5,5,8,1,3.20794497445778
Marczyk,1,7,9,1,2.460132678344597
Purcell,10,9,10,2,5.5210582694094095
Crowe,7,4,5,1,3.2721602953516022
Skirrow,6,9,1,1,3.678672558491562
Goodr,3,5,8,2,2.413686415473989
Marczyk,2,9,9,2,3.0012810515997903
Lumsdale,4,2,4,2,1.767199045346087
Marczyk,7,1,4,2,2.5232769121813727
Bonwell,0,4,7,1,1.3621460561144498
Crowe,10,7,7,2,4.816090594800196
Crowe,8,7,10,0,4.910361979353231
Bonwell,0,9,7,1,2.286330664802333
Lumsdale,2,7,6,0,2.6865495293401604
Lesly,6,4,9,2,3.477925799714063
Lesly,10,9,0,0,4.992111282349139
Bonwell,7,6,7,2,3.6940200058558728
Bonwell,9,4,2,2,3.4217047581303963
Crowe,6,0,1,1,1.8549320422921216
Lesly,7,6,9,2,4.1031931910489075
Marczyk,7,8,1,0,3.7945209473633112
Marczyk,6,3,10,1,3.12519341436845
Lesly,5,1,2,2,1.784984304747439
Gypps,5,2,4,0,2.420085517079164
Marczyk,7,1,2,0,2.320837100894422
Purcell,10,6,0,0,4.184154496083546
Crowe,8,8,7,0,4.608323799892259
Crowe,10,7,0,0,4.374215575366784
Lumsdale,1,5,9,0,2.2551900213091565
Stanlock,7,10,10,1,5.063154663033179
Crowe,3,1,10,1,2.024884914271872
Lesly,9,3,5,2,3.8204538069521563
Purcell,0,6,9,2,1.8430656783190476
Skirrow,1,10,10,1,3.04229775613442
Crowe,3,4,5,1,2.15962042474858
Lesly,2,2,7,2,1.5450645282438955
Purcell,8,0,9,0,3.2581640140922694
Crowe,10,3,8,0,4.5245181081369585
Lumsdale,3,0,5,2,1.2857408013687814
Lumsdale,2,3,6,1,1.6439032161586444
Stanlock,1,6,6,1,2.1246619780311673
Lesly,2,7,3,2,2.0267590178718886
Marczyk,9,0,0,0,2.785621869453985
Purcell,6,7,6,2,3.668090866212348
Gypps,0,2,0,2,0.33243189088328895
Purcell,5,5,2,2,2.532003534750578
Goodr,8,7,10,2,4.525848163180062
Purcell,1,1,4,1,1.0003492676559669
Gypps,9,0,1,1,2.5893469481184948
Bonwell,6,6,9,2,3.731531187013065
Goodr,6,6,1,1,3.117256732128753
Lumsdale,3,6,6,1,2.6570176731683177
Lumsdale,3,9,8,2,3.3093634455055003
Stanlock,6,2,6,1,2.7820975787298132
Lesly,10,10,10,0,6.091904656982915
Crowe,9,2,2,2,3.0327599164787826
Crowe,2,9,9,1,3.1929200579312207
Gypps,1,7,5,2,2.0429713197127177
Bonwell,1,2,0,2,0.4375902306923246
Gypps,7,6,9,1,4.093323327338677
Lesly,2,6,4,0,2.0443169320928454
Purcell,10,7,4,2,4.716630064040951
Gypps,8,6,3,2,3.6598314217816847
Stanlock,4,1,6,1,1.878258873354218
Lumsdale,2,6,10,2,2.5076774553855583
Crowe,1,8,3,1,2.0952987760778035
Marczyk,10,9,5,1,5.209146466210639
Goodr,4,10,3,2,3.288898781903578
Bonwell,3,6,7,0,2.763303414757655
Lesly,3,2,7,2,1.770583541687201
Marczyk,8,7,8,0,4.680094858729451
Stanlock,10,1,6,0,3.8435222028745537
Gypps,6,0,1,1,1.7673128841078918
Purcell,8,1,2,1,2.5555845697593806
Lumsdale,4,8,10,1,3.675685052962691
Crowe,6,1,1,1,2.0010280172621444
Goodr,1,3,0,0,0.7603921660511972
Stanlock,3,3,1,1,1.5800370034667914
Lesly,2,6,1,1,1.8046670210335676
Crowe,1,4,6,1,1.4490141958894913
Bonwell,5,0,8,1,2.0888436037974167
Crowe,4,0,9,1,1.9671509554156137
Purcell,2,0,3,2,0.5399815666464771
Skirrow,9,5,2,1,3.831497910725684
Crowe,8,3,0,2,2.86136835440669
Bonwell,2,3,7,1,1.7161923733897608
Stanlock,9,0,2,0,2.9786846315335893
Bonwell,10,4,1,2,3.8641989329143995
Gypps,3,4,5,2,1.9859412268951102
Stanlock,0,9,0,0,1.8539546148567838
Bonwell,6,7,1,2,3.115990403181386
Crowe,3,6,8,2,2.6309318502435617
Marczyk,4,0,9,2,1.9849842792827779
Gypps,9,10,0,0,4.7122306023930625
Crowe,4,5,5,1,2.6001675434023923
Purcell,6,4,2,2,2.5366851039609193
Lumsdale,0,6,4,1,1.3964101832958806
Crowe,3,9,6,0,3.299809347839147
Marczyk,2,4,6,0,2.1054478958683913
Gypps,6,1,10,2,2.828336778850332
Purcell,9,6,3,1,4.069520253279048
Purcell,7,4,6,1,3.3677003064404496
Lumsdale,10,8,0,1,4.347732359682446
Lesly,3,5,0,1,1.9048468029194963
Gypps,10,1,3,2,3.2267581539281958
Skirrow,8,6,10,1,4.4335628966142755
Lumsdale,9,5,10,1,4.694924932614238
Skirrow,1,10,7,0,3.1463753106407486
Crowe,2,10,0,1,2.5068941365203843
Stanlock,6,5,2,1,3.082533246452302
Lesly,5,8,3,1,3.18298426316641
Crowe,0,3,3,2,0.4680312788866078
Stanlock,4,8,6,0,3.3089082018053864
Goodr,5,10,4,0,3.9514746146631556
Purcell,2,0,5,1,0.8810788673790659
Lesly,6,7,7,1,3.8397631482435743
Bonwell,5,4,2,1,2.513081438160886
Goodr,6,3,10,0,3.4718599436302657
Lesly,3,0,8,0,1.5087287375865905
Crowe,7,2,5,1,3.1088513084860008
Purcell,9,7,2,2,4.105048729816798
Goodr,3,9,5,2,2.921529164864151
Bonwell,5,2,7,1,2.460562024486591
Lesly,7,3,1,2,2.5362216798856108
Skirrow,7,8,6,0,4.2208737764552815
Bonwell,6,3,0,0,2.3883823258712904
Bonwell,4,6,7,1,2.87327244408898
Skirrow,9,6,6,2,4.202568381285596
Purcell,4,9,10,1,3.862562937893962
Goodr,1,1,7,2,1.261016618133586
Stanlock,8,4,7,0,3.9229916556179125
Stanlock,10,9,6,0,5.413101078957824
Marczyk,7,10,5,2,4.448552498420525
Skirrow,3,8,6,0,2.8504561200145186
Goodr,5,3,1,1,1.9047940210271135
Goodr,2,7,3,2,1.9728341730608716
Lesly,10,10,3,2,5.065734396228623
Stanlock,3,8,4,0,2.5920382190333116
Goodr,9,2,1,0,3.2135880258963385
Stanlock,3,7,9,1,3.112212324405395
Goodr,10,3,1,0,3.6973027730449473
Marczyk,8,6,10,2,4.438540410566084
Gypps,4,0,6,1,1.5425568195871744
Purcell,4,8,8,2,3.3658784069094256
Lumsdale,7,9,0,0,3.8581694017658013
Lumsdale,10,3,0,0,3.4994883960607455
Goodr,0,2,0,2,0.19741496462843006
Lumsdale,1,2,10,1,1.610464464212292
Marczyk,5,0,1,2,1.5293127271441642
Skirrow,5,7,7,0,3.5486427571767796
Lesly,8,5,0,2,3.230203220438231
Purcell,10,9,9,2,5.437275318142563
Lesly,6,5,7,0,3.42926697044164
Stanlock,8,1,5,1,3.016237683116481
Goodr,3,6,3,2,2.0174309496526783
Gypps,0,5,9,2,1.660002108086281
Gypps,9,7,4,1,4.444463842374945
Skirrow,9,4,2,0,3.738486846785299
Bonwell,6,6,8,0,3.7311786373685925
Bonwell,0,4,4,2,1.0898153917307696
Goodr,4,7,9,1,3.5037789910223127
Lesly,8,1,0,0,2.7525160599397496
Lesly,1,8,7,2,2.505862699483463
Purcell,5,1,7,1,2.4800295539210855
Purcell,7,4,10,2,3.671498630493028
Bonwell,6,5,3,0,3.168930058973289
Lesly,3,8,6,1,2.9699468521458448
Goodr,4,6,10,0,3.3929874408777567
Crowe,5,3,10,2,2.728345162883539
Gypps,1,3,4,1,1.3830842552228246
Gypps,6,1,8,2,2.5462899112778574
Purcell,3,5,1,1,1.9960763075147157
Goodr,0,1,5,0,0.6259551547921383
Gypps,3,0,9,2,1.7951978023899615
Bonwell,4,4,5,2,2.264464722864232
Crowe,9,7,7,2,4.599858457936236
Skirrow,6,8,7,2,3.903141418990987
Lesly,1,6,7,0,2.0483457194418953
Bonwell,7,2,9,2,3.286496177035946
Lesly,6,8,6,1,3.788685295055149
Bonwell,10,6,8,0,4.9213348344922485
Lesly,7,7,3,2,3.4174337752006183
Stanlock,10,10,4,2,5.236482722710437
Gypps,7,9,9,0,4.578501232803089
Bonwell,6,6,7,1,3.678589113353888
Bonwell,6,7,7,2,3.82812037146493
Marczyk,9,2,1,0,3.2496019018752107
Purcell,3,8,6,0,2.932663282419515
Lesly,1,3,1,2,0.8883119655187619
Stanlock,9,2,0,1,2.7777345827646465
Stanlock,0,9,5,0,2.1316653274501642
Crowe,6,10,0,1,3.7934696157311687
Skirrow,7,6,2,2,3.3856948263852567
Goodr,6,9,8,0,4.423283099546044
Purcell,9,10,8,1,5.306169408280479
Gypps,8,8,0,1,3.913399245010763
Lumsdale,4,10,5,1,3.5683072204189616
Lesly,9,4,6,2,3.8830947890266683
Gypps,0,3,5,0,1.1486205609484432
Gypps,8,0,6,0,3.062242725529191
Stanlock,1,10,2,2,2.3051373423804193
